Wavelength in nm, Average Reflectance 350 to 2500nm by 1nm, Standard Deviation: N = 23, Decimal Hours UT: ,18.9705
     350,0.0608162,0.00558456
     351,0.0605852,0.00548091
     352,0.0605928,0.00535456
     353,0.0606279,0.00528125
     354,0.0605291,0.00519877
     355,0.0604186,0.00510368
     356,0.0602992,0.00505027
     357,0.0602521,0.00495518
     358,0.0602157,0.00484749
     359,0.0601909,0.00477214
     360,0.0599591,0.00472516
     361,0.0597667,0.00464703
     362,0.0596265,0.00455181
     363,0.0596871,0.00449156
     364,0.0596490,0.00444632
     365,0.0596344,0.00440920
     366,0.0596025,0.00436483
     367,0.0595013,0.00430386
     368,0.0595903,0.00425995
     369,0.0596680,0.00425171
     370,0.0596769,0.00426723
     371,0.0598120,0.00426685
     372,0.0599100,0.00428627
     373,0.0600746,0.00430347
     374,0.0600443,0.00428262
     375,0.0603197,0.00431469
     376,0.0605759,0.00432821
     377,0.0607601,0.00433443
     378,0.0609000,0.00436566
     379,0.0610004,0.00441580
     380,0.0612053,0.00445141
     381,0.0613311,0.00444290
     382,0.0614554,0.00440555
     383,0.0616061,0.00437542
     384,0.0616556,0.00436528
     385,0.0616608,0.00435676
     386,0.0617671,0.00428813
     387,0.0617298,0.00423995
     388,0.0617134,0.00419693
     389,0.0617119,0.00412481
     390,0.0615728,0.00404308
     391,0.0614597,0.00396667
     392,0.0612270,0.00385952
     393,0.0610637,0.00371318
     394,0.0608444,0.00358780
     395,0.0605442,0.00346685
     396,0.0603345,0.00334691
     397,0.0600287,0.00321126
     398,0.0597895,0.00307702
     399,0.0595928,0.00295310
     400,0.0594668,0.00284911
     401,0.0591721,0.00275950
     402,0.0589386,0.00268769
     403,0.0588340,0.00263231
     404,0.0587347,0.00258331
     405,0.0587211,0.00254159
     406,0.0585642,0.00248762
     407,0.0584894,0.00243925
     408,0.0584954,0.00240944
     409,0.0584979,0.00238994
     410,0.0584644,0.00236389
     411,0.0584942,0.00233289
     412,0.0584538,0.00230607
     413,0.0584656,0.00228544
     414,0.0584712,0.00226217
     415,0.0583284,0.00222805
     416,0.0583349,0.00220120
     417,0.0583572,0.00218360
     418,0.0585365,0.00218079
     419,0.0585779,0.00217800
     420,0.0586375,0.00217271
     421,0.0585986,0.00216367
     422,0.0586157,0.00215758
     423,0.0588410,0.00215811
     424,0.0588400,0.00214788
     425,0.0589151,0.00214269
     426,0.0589572,0.00214204
     427,0.0590795,0.00214975
     428,0.0591362,0.00214353
     429,0.0592072,0.00212958
     430,0.0592679,0.00211755
     431,0.0592243,0.00210777
     432,0.0592979,0.00209730
     433,0.0593828,0.00208524
     434,0.0593336,0.00207919
     435,0.0594114,0.00207008
     436,0.0594394,0.00205769
     437,0.0594170,0.00204586
     438,0.0594539,0.00203049
     439,0.0594549,0.00201867
     440,0.0594505,0.00201221
     441,0.0595187,0.00201042
     442,0.0595805,0.00200542
     443,0.0596417,0.00200403
     444,0.0596983,0.00200231
     445,0.0597763,0.00199149
     446,0.0597628,0.00199168
     447,0.0598338,0.00199647
     448,0.0599364,0.00199459
     449,0.0599598,0.00198621
     450,0.0599468,0.00198529
     451,0.0600450,0.00199111
     452,0.0600947,0.00198991
     453,0.0601946,0.00199230
     454,0.0602828,0.00199484
     455,0.0603053,0.00199572
     456,0.0603478,0.00199857
     457,0.0603968,0.00199722
     458,0.0604804,0.00199933
     459,0.0605568,0.00200622
     460,0.0605604,0.00200724
     461,0.0606288,0.00200852
     462,0.0607061,0.00200792
     463,0.0607845,0.00200613
     464,0.0608488,0.00201114
     465,0.0610061,0.00202281
     466,0.0610541,0.00202827
     467,0.0611261,0.00202567
     468,0.0611755,0.00202931
     469,0.0612066,0.00203067
     470,0.0612516,0.00202705
     471,0.0612821,0.00203180
     472,0.0612885,0.00203352
     473,0.0613384,0.00203022
     474,0.0613448,0.00202023
     475,0.0613865,0.00202015
     476,0.0614568,0.00202113
     477,0.0615013,0.00201819
     478,0.0614803,0.00201279
     479,0.0614325,0.00200765
     480,0.0614761,0.00200578
     481,0.0615115,0.00200480
     482,0.0615849,0.00201392
     483,0.0616706,0.00202178
     484,0.0617594,0.00202408
     485,0.0619131,0.00202381
     486,0.0619982,0.00203127
     487,0.0620544,0.00203588
     488,0.0620728,0.00203376
     489,0.0621238,0.00203397
     490,0.0621610,0.00202741
     491,0.0621897,0.00201929
     492,0.0621823,0.00201255
     493,0.0621888,0.00200201
     494,0.0622433,0.00200246
     495,0.0623548,0.00200707
     496,0.0624132,0.00199940
     497,0.0624345,0.00199889
     498,0.0624594,0.00200014
     499,0.0625288,0.00200023
     500,0.0625485,0.00199712
     501,0.0625843,0.00199581
     502,0.0626161,0.00199564
     503,0.0626454,0.00199472
     504,0.0626503,0.00198706
     505,0.0626602,0.00198063
     506,0.0627251,0.00197598
     507,0.0627723,0.00196660
     508,0.0627877,0.00196298
     509,0.0628446,0.00196253
     510,0.0628961,0.00196004
     511,0.0628867,0.00195426
     512,0.0629039,0.00195656
     513,0.0629305,0.00196127
     514,0.0630181,0.00196298
     515,0.0631012,0.00196406
     516,0.0631442,0.00196441
     517,0.0631593,0.00196383
     518,0.0632210,0.00196286
     519,0.0632244,0.00195534
     520,0.0631755,0.00194721
     521,0.0631809,0.00194361
     522,0.0631720,0.00193398
     523,0.0631710,0.00192763
     524,0.0632331,0.00192688
     525,0.0632492,0.00192617
     526,0.0632780,0.00192601
     527,0.0632742,0.00192349
     528,0.0632655,0.00191857
     529,0.0632839,0.00191250
     530,0.0633181,0.00190946
     531,0.0633828,0.00190703
     532,0.0634068,0.00190143
     533,0.0634028,0.00189890
     534,0.0634075,0.00190116
     535,0.0634274,0.00190269
     536,0.0634707,0.00189714
     537,0.0635327,0.00189816
     538,0.0635392,0.00189950
     539,0.0635676,0.00189985
     540,0.0636545,0.00190023
     541,0.0637078,0.00190068
     542,0.0637324,0.00189970
     543,0.0637721,0.00189678
     544,0.0638566,0.00189433
     545,0.0638615,0.00189534
     546,0.0638477,0.00189916
     547,0.0638885,0.00189906
     548,0.0638877,0.00189741
     549,0.0639412,0.00189598
     550,0.0639716,0.00189264
     551,0.0639653,0.00189104
     552,0.0640367,0.00189658
     553,0.0640395,0.00190005
     554,0.0640722,0.00189875
     555,0.0641609,0.00190124
     556,0.0642365,0.00190674
     557,0.0642756,0.00191278
     558,0.0643909,0.00191818
     559,0.0644790,0.00192260
     560,0.0644689,0.00192437
     561,0.0644802,0.00192691
     562,0.0645272,0.00193029
     563,0.0645661,0.00192970
     564,0.0646108,0.00192781
     565,0.0646581,0.00192962
     566,0.0646968,0.00193265
     567,0.0647857,0.00193487
     568,0.0648196,0.00193172
     569,0.0648707,0.00192790
     570,0.0649431,0.00193009
     571,0.0649425,0.00193098
     572,0.0649807,0.00192796
     573,0.0651021,0.00192927
     574,0.0650657,0.00192569
     575,0.0651258,0.00192493
     576,0.0651663,0.00192588
     577,0.0651967,0.00192555
     578,0.0652592,0.00192532
     579,0.0652802,0.00192374
     580,0.0652514,0.00192097
     581,0.0652747,0.00191858
     582,0.0652675,0.00191344
     583,0.0652637,0.00190757
     584,0.0653256,0.00191187
     585,0.0653323,0.00191428
     586,0.0654094,0.00191403
     587,0.0654443,0.00191118
     588,0.0654774,0.00190927
     589,0.0655914,0.00190796
     590,0.0656196,0.00190055
     591,0.0656760,0.00189743
     592,0.0655988,0.00188915
     593,0.0655750,0.00188112
     594,0.0655153,0.00187431
     595,0.0655150,0.00187555
     596,0.0655371,0.00187534
     597,0.0655171,0.00186786
     598,0.0655618,0.00186381
     599,0.0655362,0.00186239
     600,0.0655154,0.00186601
     601,0.0655476,0.00187256
     602,0.0655567,0.00186848
     603,0.0655984,0.00186672
     604,0.0656189,0.00186965
     605,0.0656068,0.00187200
     606,0.0655819,0.00187031
     607,0.0655715,0.00186884
     608,0.0656393,0.00187127
     609,0.0657489,0.00186852
     610,0.0658285,0.00186388
     611,0.0658230,0.00186000
     612,0.0658447,0.00186277
     613,0.0659260,0.00186406
     614,0.0659061,0.00186335
     615,0.0659647,0.00186853
     616,0.0659464,0.00187434
     617,0.0659442,0.00187337
     618,0.0659729,0.00187027
     619,0.0659779,0.00186982
     620,0.0659331,0.00186771
     621,0.0659744,0.00186834
     622,0.0660460,0.00186944
     623,0.0660728,0.00186818
     624,0.0661088,0.00187337
     625,0.0661437,0.00188049
     626,0.0662287,0.00188690
     627,0.0662315,0.00188907
     628,0.0663187,0.00189310
     629,0.0664016,0.00189858
     630,0.0664689,0.00190672
     631,0.0665281,0.00191219
     632,0.0665507,0.00191549
     633,0.0665897,0.00192131
     634,0.0665970,0.00193212
     635,0.0666369,0.00193693
     636,0.0666961,0.00193706
     637,0.0667800,0.00193892
     638,0.0667843,0.00194850
     639,0.0668150,0.00195887
     640,0.0668472,0.00196560
     641,0.0669816,0.00197233
     642,0.0669984,0.00198143
     643,0.0670653,0.00199189
     644,0.0671306,0.00199754
     645,0.0672012,0.00199799
     646,0.0672417,0.00201238
     647,0.0672961,0.00203188
     648,0.0673353,0.00204040
     649,0.0673715,0.00204652
     650,0.0673902,0.00205451
     651,0.0674610,0.00206300
     652,0.0674629,0.00206043
     653,0.0675308,0.00206213
     654,0.0676557,0.00207774
     655,0.0678075,0.00210793
     656,0.0680376,0.00213865
     657,0.0679365,0.00213466
     658,0.0679015,0.00211456
     659,0.0678121,0.00209444
     660,0.0677952,0.00209168
     661,0.0677385,0.00209387
     662,0.0676966,0.00209588
     663,0.0676541,0.00209338
     664,0.0676813,0.00209672
     665,0.0676677,0.00209972
     666,0.0676462,0.00209997
     667,0.0676496,0.00209961
     668,0.0676389,0.00209382
     669,0.0676058,0.00208997
     670,0.0676282,0.00209949
     671,0.0676487,0.00209908
     672,0.0676509,0.00209591
     673,0.0677059,0.00209621
     674,0.0676253,0.00209006
     675,0.0676176,0.00209098
     676,0.0676905,0.00209538
     677,0.0676454,0.00209414
     678,0.0675739,0.00209918
     679,0.0675208,0.00209913
     680,0.0675790,0.00209722
     681,0.0675499,0.00209514
     682,0.0675652,0.00209192
     683,0.0676434,0.00209642
     684,0.0675857,0.00210562
     685,0.0675831,0.00211868
     686,0.0676860,0.00215137
     687,0.0680072,0.00219948
     688,0.0681514,0.00222461
     689,0.0680328,0.00220772
     690,0.0679421,0.00218277
     691,0.0678817,0.00216021
     692,0.0678673,0.00214233
     693,0.0679030,0.00213630
     694,0.0678237,0.00213272
     695,0.0677097,0.00212888
     696,0.0675749,0.00211998
     697,0.0675265,0.00210626
     698,0.0675070,0.00209792
     699,0.0675149,0.00210625
     700,0.0674624,0.00211277
     701,0.0674627,0.00211639
     702,0.0674413,0.00210999
     703,0.0674655,0.00209353
     704,0.0675682,0.00208035
     705,0.0675591,0.00207128
     706,0.0675614,0.00207046
     707,0.0674728,0.00206799
     708,0.0675906,0.00206432
     709,0.0677554,0.00206105
     710,0.0677544,0.00205867
     711,0.0676455,0.00205824
     712,0.0675585,0.00206162
     713,0.0675512,0.00206660
     714,0.0676432,0.00207172
     715,0.0677079,0.00207567
     716,0.0678725,0.00210096
     717,0.0681932,0.00215919
     718,0.0684651,0.00221037
     719,0.0685965,0.00224182
     720,0.0685382,0.00222836
     721,0.0684185,0.00217765
     722,0.0683533,0.00214156
     723,0.0683970,0.00213997
     724,0.0685136,0.00216518
     725,0.0686269,0.00218189
     726,0.0686615,0.00218155
     727,0.0686228,0.00217543
     728,0.0685748,0.00217231
     729,0.0685777,0.00216412
     730,0.0685355,0.00215425
     731,0.0684501,0.00214073
     732,0.0683655,0.00212073
     733,0.0683841,0.00209064
     734,0.0684222,0.00207216
     735,0.0684465,0.00206766
     736,0.0683919,0.00206414
     737,0.0683975,0.00206172
     738,0.0683925,0.00205877
     739,0.0683316,0.00205452
     740,0.0683523,0.00205156
     741,0.0683292,0.00204624
     742,0.0683323,0.00204052
     743,0.0683925,0.00203651
     744,0.0683327,0.00203457
     745,0.0682879,0.00203397
     746,0.0682907,0.00203230
     747,0.0683328,0.00202789
     748,0.0683151,0.00202840
     749,0.0682596,0.00202902
     750,0.0682384,0.00202924
     751,0.0682516,0.00203316
     752,0.0683234,0.00203191
     753,0.0683741,0.00202544
     754,0.0684279,0.00202042
     755,0.0684521,0.00202345
     756,0.0684799,0.00202529
     757,0.0686045,0.00203629
     758,0.0688482,0.00208037
     759,0.0695450,0.00223569
     760,0.0709217,0.00260313
     761,0.0727369,0.00318353
     762,0.0724384,0.00311459
     763,0.0717403,0.00289086
     764,0.0710188,0.00266059
     765,0.0703314,0.00244183
     766,0.0695677,0.00226166
     767,0.0690506,0.00213899
     768,0.0687657,0.00206573
     769,0.0685821,0.00203290
     770,0.0685206,0.00202221
     771,0.0685010,0.00201291
     772,0.0685471,0.00200343
     773,0.0685716,0.00200068
     774,0.0685929,0.00199629
     775,0.0685904,0.00199322
     776,0.0685412,0.00199036
     777,0.0684244,0.00197724
     778,0.0683458,0.00197520
     779,0.0683595,0.00197791
     780,0.0683746,0.00197306
     781,0.0683829,0.00197017
     782,0.0684002,0.00196669
     783,0.0683912,0.00196463
     784,0.0683777,0.00196866
     785,0.0683962,0.00196813
     786,0.0684471,0.00196404
     787,0.0685150,0.00196313
     788,0.0685537,0.00197471
     789,0.0685745,0.00197631
     790,0.0685722,0.00197374
     791,0.0685833,0.00197549
     792,0.0685480,0.00197588
     793,0.0685388,0.00197367
     794,0.0685764,0.00196880
     795,0.0686654,0.00196351
     796,0.0687196,0.00196261
     797,0.0686861,0.00196466
     798,0.0686425,0.00196419
     799,0.0686535,0.00195484
     800,0.0686484,0.00196658
     801,0.0686294,0.00197307
     802,0.0685907,0.00196473
     803,0.0684992,0.00195995
     804,0.0684180,0.00196003
     805,0.0684251,0.00195680
     806,0.0685289,0.00194835
     807,0.0686529,0.00195082
     808,0.0687038,0.00194825
     809,0.0687515,0.00194762
     810,0.0687946,0.00195790
     811,0.0687986,0.00197438
     812,0.0688610,0.00199808
     813,0.0689914,0.00202682
     814,0.0691942,0.00205839
     815,0.0694352,0.00210184
     816,0.0696530,0.00213622
     817,0.0697377,0.00214668
     818,0.0697336,0.00214390
     819,0.0696597,0.00212481
     820,0.0695535,0.00209745
     821,0.0695032,0.00207623
     822,0.0694889,0.00207747
     823,0.0694233,0.00208498
     824,0.0693211,0.00207921
     825,0.0692177,0.00205113
     826,0.0691191,0.00202284
     827,0.0691337,0.00202141
     828,0.0692256,0.00203554
     829,0.0692975,0.00204086
     830,0.0693120,0.00204964
     831,0.0692325,0.00204517
     832,0.0691074,0.00202593
     833,0.0691702,0.00200747
     834,0.0691805,0.00198912
     835,0.0691503,0.00197643
     836,0.0690708,0.00196793
     837,0.0689236,0.00195618
     838,0.0688109,0.00194523
     839,0.0687388,0.00193036
     840,0.0686973,0.00191635
     841,0.0686330,0.00192545
     842,0.0686151,0.00191830
     843,0.0685774,0.00190789
     844,0.0685414,0.00191242
     845,0.0685356,0.00190559
     846,0.0683951,0.00189865
     847,0.0683220,0.00189058
     848,0.0684257,0.00187808
     849,0.0684662,0.00189528
     850,0.0684994,0.00190223
     851,0.0685236,0.00189153
     852,0.0684776,0.00188118
     853,0.0684954,0.00188031
     854,0.0685081,0.00189196
     855,0.0684804,0.00190116
     856,0.0683604,0.00187910
     857,0.0682353,0.00187097
     858,0.0681970,0.00185946
     859,0.0680872,0.00183810
     860,0.0680104,0.00184351
     861,0.0680062,0.00183438
     862,0.0681278,0.00183673
     863,0.0681650,0.00185736
     864,0.0681433,0.00185259
     865,0.0681883,0.00187131
     866,0.0681935,0.00189530
     867,0.0682888,0.00190407
     868,0.0682574,0.00190108
     869,0.0681540,0.00189545
     870,0.0680684,0.00188102
     871,0.0680635,0.00185785
     872,0.0679803,0.00187694
     873,0.0679540,0.00187752
     874,0.0679467,0.00186389
     875,0.0678718,0.00187138
     876,0.0678810,0.00186663
     877,0.0679054,0.00185975
     878,0.0679811,0.00185657
     879,0.0680287,0.00185222
     880,0.0679387,0.00185062
     881,0.0679451,0.00184555
     882,0.0679464,0.00184269
     883,0.0679604,0.00184013
     884,0.0679688,0.00183654
     885,0.0679870,0.00183372
     886,0.0680038,0.00183214
     887,0.0680394,0.00183259
     888,0.0680977,0.00183570
     889,0.0681774,0.00184249
     890,0.0682854,0.00185422
     891,0.0684036,0.00187349
     892,0.0685659,0.00190177
     893,0.0687599,0.00193518
     894,0.0689468,0.00197659
     895,0.0691402,0.00202370
     896,0.0693187,0.00207199
     897,0.0694879,0.00212035
     898,0.0696236,0.00216493
     899,0.0697274,0.00220292
     900,0.0698078,0.00223309
     901,0.0698686,0.00225714
     902,0.0699304,0.00227690
     903,0.0699732,0.00229406
     904,0.0700093,0.00231127
     905,0.0700648,0.00232627
     906,0.0701163,0.00233943
     907,0.0701698,0.00235453
     908,0.0702301,0.00237263
     909,0.0703149,0.00239459
     910,0.0704004,0.00241677
     911,0.0704752,0.00243822
     912,0.0705290,0.00245529
     913,0.0705499,0.00246074
     914,0.0705378,0.00245439
     915,0.0704847,0.00243558
     916,0.0703938,0.00240840
     917,0.0702934,0.00238132
     918,0.0702036,0.00235519
     919,0.0701490,0.00233415
     920,0.0701098,0.00232214
     921,0.0701333,0.00232518
     922,0.0702461,0.00235237
     923,0.0704826,0.00241381
     924,0.0708326,0.00251955
     925,0.0713743,0.00267953
     926,0.0721313,0.00291569
     927,0.0731527,0.00324998
     928,0.0744502,0.00369357
     929,0.0759484,0.00423685
     930,0.0775668,0.00482083
     931,0.0791515,0.00540706
     932,0.0805995,0.00596479
     933,0.0819016,0.00645803
     934,0.0829939,0.00686935
     935,0.0838567,0.00718814
     936,0.0844909,0.00741826
     937,0.0848876,0.00755472
     938,0.0850162,0.00759752
     939,0.0849147,0.00755287
     940,0.0846825,0.00743917
     941,0.0843596,0.00730579
     942,0.0840554,0.00716274
     943,0.0837631,0.00702975
     944,0.0835005,0.00693077
     945,0.0833133,0.00685608
     946,0.0832487,0.00682002
     947,0.0832008,0.00680364
     948,0.0831451,0.00678682
     949,0.0830711,0.00675364
     950,0.0829064,0.00669120
     951,0.0826637,0.00659246
     952,0.0822963,0.00645422
     953,0.0818259,0.00629894
     954,0.0814244,0.00613678
     955,0.0810178,0.00595524
     956,0.0805701,0.00576462
     957,0.0800254,0.00555498
     958,0.0794098,0.00532632
     959,0.0787938,0.00508703
     960,0.0781541,0.00483678
     961,0.0775032,0.00457698
     962,0.0767713,0.00431411
     963,0.0760894,0.00406395
     964,0.0753874,0.00382374
     965,0.0746838,0.00358700
     966,0.0740305,0.00337363
     967,0.0733976,0.00318341
     968,0.0728292,0.00301404
     969,0.0723763,0.00287385
     970,0.0720138,0.00276251
     971,0.0717183,0.00267643
     972,0.0714840,0.00261015
     973,0.0712980,0.00255367
     974,0.0710796,0.00250096
     975,0.0710037,0.00245293
     976,0.0709318,0.00240645
     977,0.0708004,0.00235835
     978,0.0706745,0.00231404
     979,0.0705810,0.00227803
     980,0.0704207,0.00223730
     981,0.0702449,0.00218608
     982,0.0700146,0.00212650
     983,0.0697832,0.00207626
     984,0.0695751,0.00203031
     985,0.0693991,0.00198638
     986,0.0691582,0.00194970
     987,0.0689450,0.00191960
     988,0.0688028,0.00189080
     989,0.0686864,0.00186360
     990,0.0685539,0.00183956
     991,0.0684969,0.00181915
     992,0.0684084,0.00180449
     993,0.0683815,0.00179819
     994,0.0684033,0.00178674
     995,0.0684093,0.00177909
     996,0.0684489,0.00177534
     997,0.0685148,0.00177045
     998,0.0685518,0.00176479
     999,0.0685799,0.00176571
    1000,0.0686007,0.00176989
    1001,0.0686623,0.00177044
    1002,0.0687162,0.00177266
    1003,0.0687780,0.00177590
    1004,0.0688202,0.00177947
    1005,0.0688167,0.00178243
    1006,0.0688196,0.00178012
    1007,0.0688233,0.00177773
    1008,0.0688309,0.00177569
    1009,0.0688496,0.00177510
    1010,0.0688602,0.00177385
    1011,0.0688888,0.00177266
    1012,0.0689080,0.00177126
    1013,0.0689109,0.00176793
    1014,0.0688896,0.00176288
    1015,0.0688734,0.00175721
    1016,0.0688633,0.00175202
    1017,0.0688709,0.00174909
    1018,0.0688600,0.00174686
    1019,0.0688499,0.00174545
    1020,0.0688381,0.00174548
    1021,0.0688157,0.00173494
    1022,0.0688451,0.00174079
    1023,0.0687735,0.00174199
    1024,0.0687381,0.00174662
    1025,0.0688184,0.00175812
    1026,0.0688707,0.00176663
    1027,0.0688918,0.00176779
    1028,0.0688960,0.00176208
    1029,0.0689462,0.00175501
    1030,0.0687795,0.00175435
    1031,0.0687788,0.00173989
    1032,0.0688169,0.00174252
    1033,0.0688858,0.00177429
    1034,0.0689446,0.00178420
    1035,0.0688944,0.00179848
    1036,0.0688798,0.00181100
    1037,0.0689293,0.00179574
    1038,0.0689274,0.00178889
    1039,0.0688192,0.00178344
    1040,0.0689414,0.00177970
    1041,0.0688892,0.00176963
    1042,0.0688928,0.00176679
    1043,0.0688806,0.00176129
    1044,0.0688866,0.00175787
    1045,0.0689118,0.00175935
    1046,0.0689970,0.00177475
    1047,0.0689982,0.00177762
    1048,0.0690603,0.00176895
    1049,0.0690206,0.00177063
    1050,0.0689562,0.00177275
    1051,0.0689796,0.00176509
    1052,0.0690185,0.00176034
    1053,0.0691068,0.00175897
    1054,0.0691501,0.00175702
    1055,0.0691133,0.00174730
    1056,0.0691153,0.00176039
    1057,0.0690951,0.00177547
    1058,0.0690500,0.00176638
    1059,0.0690050,0.00174791
    1060,0.0689702,0.00173923
    1061,0.0689394,0.00173893
    1062,0.0689296,0.00174962
    1063,0.0689380,0.00177388
    1064,0.0689666,0.00179367
    1065,0.0689938,0.00179939
    1066,0.0689921,0.00180091
    1067,0.0689479,0.00179744
    1068,0.0689259,0.00179426
    1069,0.0689272,0.00178936
    1070,0.0690093,0.00178520
    1071,0.0689696,0.00177548
    1072,0.0689654,0.00176421
    1073,0.0690144,0.00176771
    1074,0.0689673,0.00177859
    1075,0.0689196,0.00178406
    1076,0.0688865,0.00179827
    1077,0.0688893,0.00180974
    1078,0.0688979,0.00180905
    1079,0.0688581,0.00180126
    1080,0.0688332,0.00178607
    1081,0.0688158,0.00178128
    1082,0.0687921,0.00177666
    1083,0.0688022,0.00177744
    1084,0.0688284,0.00178318
    1085,0.0688892,0.00179797
    1086,0.0689114,0.00180900
    1087,0.0689454,0.00179968
    1088,0.0688975,0.00178904
    1089,0.0688073,0.00177624
    1090,0.0688541,0.00177461
    1091,0.0688685,0.00178702
    1092,0.0688533,0.00178621
    1093,0.0688842,0.00179690
    1094,0.0688789,0.00180584
    1095,0.0688740,0.00180695
    1096,0.0688639,0.00181092
    1097,0.0688522,0.00182896
    1098,0.0688592,0.00183161
    1099,0.0688206,0.00182199
    1100,0.0688037,0.00181283
    1101,0.0688322,0.00181334
    1102,0.0688032,0.00181646
    1103,0.0687972,0.00182694
    1104,0.0687640,0.00183153
    1105,0.0687060,0.00182411
    1106,0.0687447,0.00181482
    1107,0.0687650,0.00181089
    1108,0.0688304,0.00183702
    1109,0.0688812,0.00184168
    1110,0.0689365,0.00184010
    1111,0.0689115,0.00183711
    1112,0.0687905,0.00180976
    1113,0.0687780,0.00179934
    1114,0.0687548,0.00179165
    1115,0.0686875,0.00181674
    1116,0.0687432,0.00182482
    1117,0.0687928,0.00183253
    1118,0.0687493,0.00186608
    1119,0.0687325,0.00187988
    1120,0.0686902,0.00187146
    1121,0.0685918,0.00185035
    1122,0.0685531,0.00184946
    1123,0.0685153,0.00183689
    1124,0.0685394,0.00182462
    1125,0.0686767,0.00187231
    1126,0.0687556,0.00187434
    1127,0.0689241,0.00182208
    1128,0.0689521,0.00180699
    1129,0.0688537,0.00178938
    1130,0.0687405,0.00176881
    1131,0.0687510,0.00177616
    1132,0.0687234,0.00176175
    1133,0.0687265,0.00175095
    1134,0.0688624,0.00177164
    1135,0.0689172,0.00176147
    1136,0.0687643,0.00177087
    1137,0.0687495,0.00178244
    1138,0.0687641,0.00178531
    1139,0.0687792,0.00178554
    1140,0.0688246,0.00181044
    1141,0.0688408,0.00180388
    1142,0.0688332,0.00175376
    1143,0.0688299,0.00175044
    1144,0.0688615,0.00176236
    1145,0.0688055,0.00174955
    1146,0.0687611,0.00180445
    1147,0.0687754,0.00184094
    1148,0.0687495,0.00182803
    1149,0.0687577,0.00184430
    1150,0.0687812,0.00184538
    1151,0.0688966,0.00183514
    1152,0.0688741,0.00183198
    1153,0.0687866,0.00182937
    1154,0.0687814,0.00182961
    1155,0.0687966,0.00182872
    1156,0.0688291,0.00183129
    1157,0.0689147,0.00184578
    1158,0.0689248,0.00184466
    1159,0.0688791,0.00183772
    1160,0.0688277,0.00182999
    1161,0.0688416,0.00181647
    1162,0.0687983,0.00181178
    1163,0.0687351,0.00182702
    1164,0.0687119,0.00183521
    1165,0.0687109,0.00183332
    1166,0.0686841,0.00182968
    1167,0.0686658,0.00182683
    1168,0.0686674,0.00180805
    1169,0.0686747,0.00180818
    1170,0.0686692,0.00182082
    1171,0.0687001,0.00182813
    1172,0.0687438,0.00184130
    1173,0.0687569,0.00184811
    1174,0.0687304,0.00184912
    1175,0.0687213,0.00185110
    1176,0.0687112,0.00185242
    1177,0.0687031,0.00185183
    1178,0.0687350,0.00184726
    1179,0.0687750,0.00185184
    1180,0.0687556,0.00184879
    1181,0.0687203,0.00184161
    1182,0.0687017,0.00183728
    1183,0.0686623,0.00183307
    1184,0.0686834,0.00182967
    1185,0.0686693,0.00182280
    1186,0.0686781,0.00182255
    1187,0.0687236,0.00182676
    1188,0.0687439,0.00182860
    1189,0.0687579,0.00183423
    1190,0.0687560,0.00183601
    1191,0.0687981,0.00183500
    1192,0.0688173,0.00183541
    1193,0.0688727,0.00183645
    1194,0.0689366,0.00184013
    1195,0.0689424,0.00184107
    1196,0.0689384,0.00184157
    1197,0.0689283,0.00184682
    1198,0.0688881,0.00186042
    1199,0.0688711,0.00186051
    1200,0.0688320,0.00185623
    1201,0.0688348,0.00185462
    1202,0.0688470,0.00184011
    1203,0.0688275,0.00183735
    1204,0.0688364,0.00184599
    1205,0.0688781,0.00185141
    1206,0.0688657,0.00186085
    1207,0.0688470,0.00186284
    1208,0.0688489,0.00185822
    1209,0.0688473,0.00185853
    1210,0.0688870,0.00186042
    1211,0.0688938,0.00185860
    1212,0.0688692,0.00185686
    1213,0.0688822,0.00185792
    1214,0.0688911,0.00186023
    1215,0.0688959,0.00185919
    1216,0.0689162,0.00186482
    1217,0.0688753,0.00187709
    1218,0.0688450,0.00188326
    1219,0.0688236,0.00189339
    1220,0.0687915,0.00189387
    1221,0.0687937,0.00188488
    1222,0.0687786,0.00188272
    1223,0.0688049,0.00187787
    1224,0.0687991,0.00187584
    1225,0.0687838,0.00187985
    1226,0.0687665,0.00188311
    1227,0.0687393,0.00188636
    1228,0.0687257,0.00189091
    1229,0.0687382,0.00189374
    1230,0.0687609,0.00189698
    1231,0.0687696,0.00189844
    1232,0.0688072,0.00189839
    1233,0.0688179,0.00189799
    1234,0.0687899,0.00189551
    1235,0.0687563,0.00189539
    1236,0.0687223,0.00189629
    1237,0.0686864,0.00189551
    1238,0.0686999,0.00189539
    1239,0.0686661,0.00189701
    1240,0.0686219,0.00190081
    1241,0.0687023,0.00190430
    1242,0.0686841,0.00190729
    1243,0.0686698,0.00190816
    1244,0.0686820,0.00190715
    1245,0.0686889,0.00189854
    1246,0.0686984,0.00189863
    1247,0.0687101,0.00190158
    1248,0.0686713,0.00190310
    1249,0.0687112,0.00190891
    1250,0.0686903,0.00191413
    1251,0.0686507,0.00192251
    1252,0.0686689,0.00192742
    1253,0.0686540,0.00193167
    1254,0.0686904,0.00193502
    1255,0.0687655,0.00193352
    1256,0.0687313,0.00193165
    1257,0.0687802,0.00193377
    1258,0.0687738,0.00193265
    1259,0.0687471,0.00192852
    1260,0.0687848,0.00192825
    1261,0.0687960,0.00192765
    1262,0.0688192,0.00193047
    1263,0.0688249,0.00192301
    1264,0.0688533,0.00190937
    1265,0.0688505,0.00190567
    1266,0.0688936,0.00189668
    1267,0.0688668,0.00189964
    1268,0.0688695,0.00192457
    1269,0.0688783,0.00193256
    1270,0.0688587,0.00193671
    1271,0.0688669,0.00194026
    1272,0.0688814,0.00193456
    1273,0.0688817,0.00193593
    1274,0.0688968,0.00194329
    1275,0.0688932,0.00194590
    1276,0.0688193,0.00194566
    1277,0.0688324,0.00194894
    1278,0.0687917,0.00195136
    1279,0.0687724,0.00195115
    1280,0.0687682,0.00195013
    1281,0.0687661,0.00195027
    1282,0.0687241,0.00194600
    1283,0.0687755,0.00193753
    1284,0.0687813,0.00193622
    1285,0.0687948,0.00193624
    1286,0.0687942,0.00194038
    1287,0.0687952,0.00195523
    1288,0.0687724,0.00195793
    1289,0.0687360,0.00195792
    1290,0.0687589,0.00195835
    1291,0.0687638,0.00194970
    1292,0.0687847,0.00194636
    1293,0.0687704,0.00194242
    1294,0.0687523,0.00194210
    1295,0.0687245,0.00194528
    1296,0.0687096,0.00194715
    1297,0.0687398,0.00194730
    1298,0.0687128,0.00195683
    1299,0.0687212,0.00197180
    1300,0.0687008,0.00197428
    1301,0.0687277,0.00197751
    1302,0.0687196,0.00198258
    1303,0.0686746,0.00198042
    1304,0.0686798,0.00196543
    1305,0.0686726,0.00196501
    1306,0.0686480,0.00197398
    1307,0.0686386,0.00197507
    1308,0.0686552,0.00197479
    1309,0.0686627,0.00197986
    1310,0.0686781,0.00198621
    1311,0.0686420,0.00198821
    1312,0.0687321,0.00199922
    1313,0.0687609,0.00200456
    1314,0.0688248,0.00200092
    1315,0.0688535,0.00200098
    1316,0.0688430,0.00200233
    1317,0.0688474,0.00200577
    1318,0.0687972,0.00200383
    1319,0.0687991,0.00200446
    1320,0.0688100,0.00200390
    1321,0.0688281,0.00200087
    1322,0.0688258,0.00200214
    1323,0.0688286,0.00200507
    1324,0.0688521,0.00200967
    1325,0.0688863,0.00201587
    1326,0.0688890,0.00202299
    1327,0.0689250,0.00203743
    1328,0.0689344,0.00204428
    1329,0.0688796,0.00205107
    1330,0.0688895,0.00205314
    1331,0.0688818,0.00204097
    1332,0.0688880,0.00203887
    1333,0.0689663,0.00204359
    1334,0.0689949,0.00204179
    1335,0.0689814,0.00203276
    1336,0.0689505,0.00203302
    1337,0.0689627,0.00204290
    1338,0.0689269,0.00203716
    1339,0.0689383,0.00204395
    1340,0.0689308,0.00206357
    1341,0.0689004,0.00207580
    1342,0.0688546,0.00208065
    1343,0.0687862,0.00209284
    1344,0.0686564,0.00212250
    1345,0.0685799,0.00213721
    1346,0.0684655,0.00213386
    1347,0.0683086,0.00215783
    1348,0.0681074,0.00221444
    1349,0.0678851,0.00226928
    1350,0.0674326,0.00237977
    1351,0.0671318,0.00249319
    1352,0.0675636,0.00253758
    1353,0.0676765,0.00289407
    1354,0.0683368,0.00348131
    1355,0.0676138,0.00429775
    1356,0.0682834,0.00593177
    1357,0.0695444,0.00840458
    1358,0.0712745,0.0115511
    1359,0.0735484,0.0150343
    1360,0.0755690,0.0187372
    1361,0.0779834,0.0228919
    1362,0.0808690,0.0265503
    1363,0.0837755,0.0300147
    1364,0.0875847,0.0331668
    1365,0.0910228,0.0363240
    1366,0.0919090,0.0374595
    1367,0.0921199,0.0375158
    1368,0.0932260,0.0365453
    1369,0.0935772,0.0353353
    1370,0.0929187,0.0346771
    1371,0.0919828,0.0340164
    1372,0.0902826,0.0329532
    1373,0.0879237,0.0315673
    1374,0.0853655,0.0299560
    1375,0.0830343,0.0282473
    1376,0.0803164,0.0277505
    1377,0.0794130,0.0279865
    1378,0.0789590,0.0283590
    1379,0.0787340,0.0289817
    1380,0.0793788,0.0302775
    1381,0.0802350,0.0309704
    1382,0.0813077,0.0320110
    1383,0.0816642,0.0321065
    1384,0.0813901,0.0323180
    1385,0.0821022,0.0313698
    1386,0.0810886,0.0313880
    1387,0.0802855,0.0309506
    1388,0.0797048,0.0302746
    1389,0.0785800,0.0281115
    1390,0.0760563,0.0255168
    1391,0.0738030,0.0236779
    1392,0.0723500,0.0233236
    1393,0.0718930,0.0233617
    1394,0.0730314,0.0230397
    1395,0.0765532,0.0227020
    1396,0.0727625,0.0314109
    1397,0.0788812,0.0290224
    1398,0.0870423,0.0296327
    1399,0.0932012,0.0331053
    1400,0.108586,0.0429399
    1401,0.103157,0.0388815
    1402,0.0895021,0.0299113
    1403,0.0797593,0.0234010
    1404,0.0745702,0.0164221
    1405,0.0683306,0.0122641
    1406,0.0661509,0.00814153
    1407,0.0702496,0.00819554
    1408,0.0714666,0.00785901
    1409,0.0707695,0.00730196
    1410,0.0703518,0.00656816
    1411,0.0705763,0.00579549
    1412,0.0693183,0.00506826
    1413,0.0667952,0.00450480
    1414,0.0665791,0.00382691
    1415,0.0668691,0.00298504
    1416,0.0667538,0.00261608
    1417,0.0670165,0.00250860
    1418,0.0673995,0.00229237
    1419,0.0673652,0.00221420
    1420,0.0675599,0.00229824
    1421,0.0685572,0.00236824
    1422,0.0686429,0.00227172
    1423,0.0679668,0.00218899
    1424,0.0680853,0.00216601
    1425,0.0685339,0.00198142
    1426,0.0684704,0.00194121
    1427,0.0685946,0.00198766
    1428,0.0687102,0.00203882
    1429,0.0683739,0.00208520
    1430,0.0679372,0.00209441
    1431,0.0678717,0.00206412
    1432,0.0679479,0.00210395
    1433,0.0681569,0.00220008
    1434,0.0682868,0.00206665
    1435,0.0683477,0.00194929
    1436,0.0684411,0.00196235
    1437,0.0684350,0.00192488
    1438,0.0684558,0.00191712
    1439,0.0683003,0.00196543
    1440,0.0679702,0.00204760
    1441,0.0679575,0.00210584
    1442,0.0679189,0.00220099
    1443,0.0679075,0.00223691
    1444,0.0680232,0.00228383
    1445,0.0680515,0.00224135
    1446,0.0680262,0.00212918
    1447,0.0681133,0.00208293
    1448,0.0682785,0.00201770
    1449,0.0683277,0.00199061
    1450,0.0683897,0.00199188
    1451,0.0683489,0.00199827
    1452,0.0682184,0.00201335
    1453,0.0681694,0.00203026
    1454,0.0680949,0.00205587
    1455,0.0680579,0.00208083
    1456,0.0680183,0.00211202
    1457,0.0680254,0.00212714
    1458,0.0681021,0.00211747
    1459,0.0681575,0.00211147
    1460,0.0682567,0.00207480
    1461,0.0683592,0.00203518
    1462,0.0683347,0.00203090
    1463,0.0683222,0.00201509
    1464,0.0683096,0.00201659
    1465,0.0683124,0.00204498
    1466,0.0682709,0.00204898
    1467,0.0682194,0.00205056
    1468,0.0681920,0.00204422
    1469,0.0681893,0.00201725
    1470,0.0681559,0.00200597
    1471,0.0681831,0.00200038
    1472,0.0682217,0.00200209
    1473,0.0682156,0.00201959
    1474,0.0682362,0.00202773
    1475,0.0683527,0.00203885
    1476,0.0683715,0.00203422
    1477,0.0683166,0.00200548
    1478,0.0683172,0.00201005
    1479,0.0683372,0.00203246
    1480,0.0683124,0.00203553
    1481,0.0683028,0.00205420
    1482,0.0682725,0.00205158
    1483,0.0681900,0.00201570
    1484,0.0681551,0.00200474
    1485,0.0681540,0.00199464
    1486,0.0681647,0.00200054
    1487,0.0681723,0.00202902
    1488,0.0681198,0.00203684
    1489,0.0681423,0.00203188
    1490,0.0681565,0.00203179
    1491,0.0681871,0.00201801
    1492,0.0682163,0.00201483
    1493,0.0682115,0.00202603
    1494,0.0682543,0.00202592
    1495,0.0682498,0.00202539
    1496,0.0682565,0.00201869
    1497,0.0682750,0.00201286
    1498,0.0683117,0.00200078
    1499,0.0683316,0.00200272
    1500,0.0683423,0.00200890
    1501,0.0683405,0.00201384
    1502,0.0683601,0.00203060
    1503,0.0683805,0.00203537
    1504,0.0683619,0.00203199
    1505,0.0683674,0.00203146
    1506,0.0683510,0.00202689
    1507,0.0683407,0.00202481
    1508,0.0683658,0.00202509
    1509,0.0683648,0.00202218
    1510,0.0683356,0.00201417
    1511,0.0683345,0.00201451
    1512,0.0683324,0.00201982
    1513,0.0683309,0.00202202
    1514,0.0683695,0.00203002
    1515,0.0683666,0.00203318
    1516,0.0683561,0.00202860
    1517,0.0683441,0.00202878
    1518,0.0683294,0.00203207
    1519,0.0683444,0.00203522
    1520,0.0683830,0.00204454
    1521,0.0683506,0.00204284
    1522,0.0683416,0.00203346
    1523,0.0683539,0.00202970
    1524,0.0683474,0.00202171
    1525,0.0683835,0.00201529
    1526,0.0683533,0.00202143
    1527,0.0683397,0.00202961
    1528,0.0682739,0.00203155
    1529,0.0682139,0.00204274
    1530,0.0682119,0.00204920
    1531,0.0681944,0.00205084
    1532,0.0681481,0.00205613
    1533,0.0681881,0.00206004
    1534,0.0681632,0.00205430
    1535,0.0681754,0.00204026
    1536,0.0681871,0.00203884
    1537,0.0682039,0.00203580
    1538,0.0682133,0.00203496
    1539,0.0682323,0.00204459
    1540,0.0682215,0.00204611
    1541,0.0683039,0.00204675
    1542,0.0683183,0.00204406
    1543,0.0683179,0.00203825
    1544,0.0683205,0.00203741
    1545,0.0683160,0.00203778
    1546,0.0682700,0.00203335
    1547,0.0683004,0.00203529
    1548,0.0683661,0.00203265
    1549,0.0683831,0.00201870
    1550,0.0684205,0.00201165
    1551,0.0684273,0.00200560
    1552,0.0684683,0.00200259
    1553,0.0684951,0.00199909
    1554,0.0684318,0.00199691
    1555,0.0684995,0.00200297
    1556,0.0685023,0.00200682
    1557,0.0684380,0.00201410
    1558,0.0684236,0.00201759
    1559,0.0683715,0.00201564
    1560,0.0683574,0.00201905
    1561,0.0683316,0.00201998
    1562,0.0683385,0.00202516
    1563,0.0682615,0.00203515
    1564,0.0682555,0.00204134
    1565,0.0682280,0.00204938
    1566,0.0681860,0.00204866
    1567,0.0682420,0.00204109
    1568,0.0682564,0.00203661
    1569,0.0682778,0.00202606
    1570,0.0683155,0.00201934
    1571,0.0683459,0.00201769
    1572,0.0683839,0.00201318
    1573,0.0683807,0.00200875
    1574,0.0683998,0.00200549
    1575,0.0683713,0.00200361
    1576,0.0683466,0.00200895
    1577,0.0682977,0.00201349
    1578,0.0682570,0.00202387
    1579,0.0682350,0.00202613
    1580,0.0682710,0.00202755
    1581,0.0682582,0.00203591
    1582,0.0682148,0.00204566
    1583,0.0681610,0.00204979
    1584,0.0681166,0.00206314
    1585,0.0681402,0.00206148
    1586,0.0681794,0.00204782
    1587,0.0682109,0.00203556
    1588,0.0682222,0.00201157
    1589,0.0681976,0.00200337
    1590,0.0682025,0.00199857
    1591,0.0681975,0.00200007
    1592,0.0681862,0.00201627
    1593,0.0681698,0.00202210
    1594,0.0682124,0.00203254
    1595,0.0682120,0.00203151
    1596,0.0682915,0.00202532
    1597,0.0683159,0.00202031
    1598,0.0683932,0.00200531
    1599,0.0684395,0.00200466
    1600,0.0684024,0.00201444
    1601,0.0683927,0.00201627
    1602,0.0683536,0.00202235
    1603,0.0684002,0.00202319
    1604,0.0684403,0.00201343
    1605,0.0684012,0.00200759
    1606,0.0683952,0.00200373
    1607,0.0683210,0.00199772
    1608,0.0682856,0.00198907
    1609,0.0682440,0.00199045
    1610,0.0682754,0.00200169
    1611,0.0682688,0.00200716
    1612,0.0682981,0.00202372
    1613,0.0682848,0.00202570
    1614,0.0683165,0.00200869
    1615,0.0683423,0.00201296
    1616,0.0683298,0.00202738
    1617,0.0682992,0.00203175
    1618,0.0682574,0.00204555
    1619,0.0682146,0.00204936
    1620,0.0682225,0.00203918
    1621,0.0681775,0.00203373
    1622,0.0682227,0.00203007
    1623,0.0681435,0.00202881
    1624,0.0681070,0.00203814
    1625,0.0681116,0.00203790
    1626,0.0681188,0.00203503
    1627,0.0680478,0.00203123
    1628,0.0680770,0.00201463
    1629,0.0680611,0.00201240
    1630,0.0680142,0.00202869
    1631,0.0679794,0.00203296
    1632,0.0679217,0.00203922
    1633,0.0679042,0.00204082
    1634,0.0680100,0.00203102
    1635,0.0680334,0.00202743
    1636,0.0680687,0.00202742
    1637,0.0680887,0.00202634
    1638,0.0681291,0.00203069
    1639,0.0681579,0.00202971
    1640,0.0682257,0.00202615
    1641,0.0682821,0.00202365
    1642,0.0683248,0.00201430
    1643,0.0683324,0.00201140
    1644,0.0682697,0.00200967
    1645,0.0682443,0.00201229
    1646,0.0682485,0.00202676
    1647,0.0682315,0.00203329
    1648,0.0682474,0.00204073
    1649,0.0682592,0.00204339
    1650,0.0682171,0.00203190
    1651,0.0681866,0.00202968
    1652,0.0681090,0.00203381
    1653,0.0680993,0.00203236
    1654,0.0681284,0.00202811
    1655,0.0681027,0.00202763
    1656,0.0681370,0.00202085
    1657,0.0681549,0.00202172
    1658,0.0680889,0.00203830
    1659,0.0680871,0.00204649
    1660,0.0680830,0.00205406
    1661,0.0680988,0.00205618
    1662,0.0681801,0.00205082
    1663,0.0682256,0.00203980
    1664,0.0682464,0.00203678
    1665,0.0682229,0.00204211
    1666,0.0682115,0.00204565
    1667,0.0682011,0.00205254
    1668,0.0682208,0.00205908
    1669,0.0682778,0.00206004
    1670,0.0683697,0.00205400
    1671,0.0683982,0.00204588
    1672,0.0683860,0.00203699
    1673,0.0683621,0.00202301
    1674,0.0683538,0.00202092
    1675,0.0683621,0.00203085
    1676,0.0683942,0.00203419
    1677,0.0683544,0.00203868
    1678,0.0683798,0.00204710
    1679,0.0683768,0.00205040
    1680,0.0683592,0.00205953
    1681,0.0684185,0.00206064
    1682,0.0684490,0.00204891
    1683,0.0684361,0.00203679
    1684,0.0684906,0.00202783
    1685,0.0685331,0.00202421
    1686,0.0685526,0.00203648
    1687,0.0685121,0.00204901
    1688,0.0685077,0.00204125
    1689,0.0685715,0.00203468
    1690,0.0686182,0.00202343
    1691,0.0686668,0.00201569
    1692,0.0686827,0.00202852
    1693,0.0686283,0.00203799
    1694,0.0685406,0.00204911
    1695,0.0684374,0.00206192
    1696,0.0684019,0.00205852
    1697,0.0683335,0.00205400
    1698,0.0683299,0.00206337
    1699,0.0683231,0.00206961
    1700,0.0683628,0.00207051
    1701,0.0683707,0.00207427
    1702,0.0684270,0.00207624
    1703,0.0685442,0.00206068
    1704,0.0686227,0.00203816
    1705,0.0686116,0.00203131
    1706,0.0686405,0.00203045
    1707,0.0686652,0.00202130
    1708,0.0687153,0.00202830
    1709,0.0687316,0.00204451
    1710,0.0687492,0.00203952
    1711,0.0687494,0.00204607
    1712,0.0687207,0.00206066
    1713,0.0686906,0.00205439
    1714,0.0687146,0.00205552
    1715,0.0687019,0.00205865
    1716,0.0687052,0.00205745
    1717,0.0686660,0.00205557
    1718,0.0686490,0.00206504
    1719,0.0686058,0.00207435
    1720,0.0686064,0.00205249
    1721,0.0686572,0.00203954
    1722,0.0686655,0.00202842
    1723,0.0686921,0.00200992
    1724,0.0686472,0.00202908
    1725,0.0685264,0.00205231
    1726,0.0684560,0.00206311
    1727,0.0684004,0.00206445
    1728,0.0683499,0.00203370
    1729,0.0683423,0.00202911
    1730,0.0682552,0.00204158
    1731,0.0682224,0.00204457
    1732,0.0682950,0.00206649
    1733,0.0683981,0.00207731
    1734,0.0685169,0.00206242
    1735,0.0685764,0.00205330
    1736,0.0686431,0.00205856
    1737,0.0686141,0.00205292
    1738,0.0685772,0.00203744
    1739,0.0686249,0.00201662
    1740,0.0686319,0.00200526
    1741,0.0686334,0.00200251
    1742,0.0686844,0.00202138
    1743,0.0686488,0.00203416
    1744,0.0686296,0.00204949
    1745,0.0686618,0.00205764
    1746,0.0686349,0.00206853
    1747,0.0685920,0.00206516
    1748,0.0685446,0.00203691
    1749,0.0684892,0.00202603
    1750,0.0685032,0.00202331
    1751,0.0685338,0.00201750
    1752,0.0686046,0.00200609
    1753,0.0685967,0.00201519
    1754,0.0685391,0.00203782
    1755,0.0684993,0.00204885
    1756,0.0684036,0.00208813
    1757,0.0683764,0.00209259
    1758,0.0684722,0.00204255
    1759,0.0684639,0.00203912
    1760,0.0684347,0.00206239
    1761,0.0684359,0.00206018
    1762,0.0683761,0.00206963
    1763,0.0683733,0.00206996
    1764,0.0684936,0.00203103
    1765,0.0684607,0.00202735
    1766,0.0684412,0.00207280
    1767,0.0684565,0.00207304
    1768,0.0683585,0.00204498
    1769,0.0682947,0.00205072
    1770,0.0681897,0.00203596
    1771,0.0681318,0.00204735
    1772,0.0680671,0.00211466
    1773,0.0680285,0.00213315
    1774,0.0681203,0.00213027
    1775,0.0681000,0.00214613
    1776,0.0680236,0.00215000
    1777,0.0680200,0.00216603
    1778,0.0680280,0.00220293
    1779,0.0681160,0.00218341
    1780,0.0679922,0.00218269
    1781,0.0679852,0.00216909
    1782,0.0680398,0.00221337
    1783,0.0679614,0.00224266
    1784,0.0680549,0.00222979
    1785,0.0681556,0.00219010
    1786,0.0681556,0.00209513
    1787,0.0682076,0.00205574
    1788,0.0682121,0.00203846
    1789,0.0683352,0.00205514
    1790,0.0684915,0.00211263
    1791,0.0686354,0.00211291
    1792,0.0687381,0.00214922
    1793,0.0687900,0.00216764
    1794,0.0688487,0.00214266
    1795,0.0689610,0.00215181
    1796,0.0690557,0.00213658
    1797,0.0689048,0.00213724
    1798,0.0686660,0.00211084
    1799,0.0683065,0.00202659
    1800,0.0682202,0.00200503
    1801,0.0682202,0.00200503
    1802,0.0682686,0.00199343
    1803,0.0685485,0.00205887
    1804,0.0689105,0.00228093
    1805,0.0697361,0.00216489
    1806,0.0701036,0.00217384
    1807,0.0706748,0.00212814
    1808,0.0713644,0.00213244
    1809,0.0722841,0.00223691
    1810,0.0733180,0.00249574
    1811,0.0740327,0.00294640
    1812,0.0746740,0.00362185
    1813,0.0752605,0.00437019
    1814,0.0759174,0.00504446
    1815,0.0767155,0.00574157
    1816,0.0777249,0.00621026
    1817,0.0789920,0.00687483
    1818,0.0807185,0.00768215
    1819,0.0827932,0.00875220
    1820,0.0851298,0.0103199
    1821,0.0877973,0.0122601
    1822,0.0909494,0.0135138
    1823,0.0938337,0.0148452
    1824,0.0970621,0.0166627
    1825,0.100310,0.0185986
    1826,0.105375,0.0216454
    1827,0.117480,0.0267155
    1828,0.137658,0.0342920
    1829,0.203902,0.0404609
    1830,0.274347,0.0573348
    1831,0.309157,0.0691228
    1832,0.325825,0.0740984
    1833,0.334549,0.0770590
    1834,2.58143,10.7702
    1835,4.82863,21.5316
    1836,4.83838,21.5265
    1837,4.84987,21.5214
    1838,4.87495,21.5150
    1839,4.91963,21.5069
    1840,7.30913,23.9614
    1841,9.70029,30.9218
    1842,12.1666,40.0977
    1843,12.2309,40.1005
    1844,16.2437,43.2251
    1845,21.3707,51.9887
    1846,26.4970,70.8042
    1847,31.4055,78.3002
    1848,32.9479,78.6744
    1849,32.9355,78.6736
    1850,32.8861,78.6791
    1851,40.2836,85.2083
    1852,47.6739,114.705
    1853,60.2916,154.660
    1854,65.4942,158.843
    1855,66.7665,162.827
    1856,64.7064,170.240
    1857,62.6741,184.559
    1858,57.8364,185.036
    1859,56.3611,185.366
    1860,56.4197,185.371
    1861,56.4873,185.376
    1862,46.7165,154.151
    1863,36.9462,132.737
    1864,21.9030,100.976
    1865,19.5378,76.3321
    1866,14.3016,51.6779
    1867,8.99547,28.1164
    1868,3.65958,13.6001
    1869,3.58481,13.6011
    1870,3.51356,13.6027
    1871,3.51079,13.6033
    1872,3.51079,13.6033
    1873,3.51079,13.6033
    1874,5.75197,16.9453
    1875,7.99726,24.9103
    1876,7.33963,32.2477
    1877,9.53594,43.0143
    1878,9.53758,43.0150
    1879,9.54338,43.0167
    1880,9.59593,43.0121
    1881,9.66330,43.0084
    1882,9.66365,43.0083
    1883,9.66121,43.0089
    1884,9.65861,43.0095
    1885,7.40986,32.2470
    1886,5.16044,21.4847
    1887,2.94707,10.7174
    1888,0.713953,0.135707
    1889,0.715579,0.137030
    1890,0.711893,0.137179
    1891,0.662799,0.124958
    1892,6.24109,27.0797
    1893,11.8162,54.1522
    1894,17.3931,81.2243
    1895,22.9719,108.296
    1896,22.9142,108.289
    1897,22.8616,108.283
    1898,23.5670,108.173
    1899,24.3101,108.178
    1900,27.9498,108.477
    1901,31.5920,110.542
    1902,32.3700,110.853
    1903,31.8430,87.0489
    1904,26.2517,63.8975
    1905,20.6091,45.3232
    1906,14.9612,38.6206
    1907,20.6004,45.3254
    1908,26.2377,63.9042
    1909,25.5077,63.3008
    1910,24.7702,62.8907
    1911,21.1494,58.9616
    1912,17.5250,58.1826
    1913,16.7480,58.2945
    1914,11.6265,54.1412
    1915,11.5693,54.1370
    1916,11.5615,54.1383
    1917,11.5561,54.1399
    1918,5.90368,27.0668
    1919,0.249768,0.0846587
    1920,0.229225,0.0730467
    1921,0.204196,0.0583652
    1922,0.176807,0.0401047
    1923,0.152792,0.0269313
    1924,0.141745,0.0233217
    1925,0.133571,0.0213017
    1926,0.126854,0.0195968
    1927,0.119361,0.0177921
    1928,0.112878,0.0165614
    1929,0.108139,0.0156792
    1930,0.103492,0.0147116
    1931,0.0983888,0.0134832
    1932,0.0937368,0.0123258
    1933,0.0881514,0.0101542
    1934,0.0832740,0.00826297
    1935,0.0802508,0.00683390
    1936,0.0779310,0.00756866
    1937,0.0761963,0.00627103
    1938,0.0743256,0.00491203
    1939,0.0729527,0.00433414
    1940,0.0718170,0.00410118
    1941,0.0708214,0.00360800
    1942,0.0698956,0.00299812
    1943,0.0699189,0.00299573
    1944,0.0692681,0.00288697
    1945,0.0681386,0.00346567
    1946,0.0681511,0.00348693
    1947,0.0680282,0.00335223
    1948,0.0676780,0.00316767
    1949,0.0678016,0.00268097
    1950,0.0678217,0.00255940
    1951,0.0673634,0.00245587
    1952,0.0672764,0.00275827
    1953,0.0669387,0.00296631
    1954,0.0671345,0.00307592
    1955,0.0673064,0.00306818
    1956,0.0669464,0.00295987
    1957,0.0668412,0.00276896
    1958,0.0669792,0.00248195
    1959,0.0669542,0.00234100
    1960,0.0668391,0.00228100
    1961,0.0668510,0.00221959
    1962,0.0666455,0.00215458
    1963,0.0667485,0.00210696
    1964,0.0667579,0.00207182
    1965,0.0668685,0.00216529
    1966,0.0666972,0.00215538
    1967,0.0666380,0.00212975
    1968,0.0666979,0.00211711
    1969,0.0665147,0.00209660
    1970,0.0667095,0.00207625
    1971,0.0668589,0.00205862
    1972,0.0669209,0.00204979
    1973,0.0667723,0.00204975
    1974,0.0667489,0.00198680
    1975,0.0667686,0.00195650
    1976,0.0666251,0.00200832
    1977,0.0667206,0.00201502
    1978,0.0666684,0.00202249
    1979,0.0667775,0.00206986
    1980,0.0668837,0.00207290
    1981,0.0668657,0.00207119
    1982,0.0667137,0.00208127
    1983,0.0665251,0.00207031
    1984,0.0665461,0.00202520
    1985,0.0664345,0.00201002
    1986,0.0663332,0.00199253
    1987,0.0661993,0.00199075
    1988,0.0663029,0.00202238
    1989,0.0662702,0.00204499
    1990,0.0663330,0.00208982
    1991,0.0663912,0.00210290
    1992,0.0663963,0.00210273
    1993,0.0664618,0.00206778
    1994,0.0664735,0.00206453
    1995,0.0665081,0.00205670
    1996,0.0666600,0.00206691
    1997,0.0667538,0.00212641
    1998,0.0662917,0.00216439
    1999,0.0667261,0.00213422
    2000,0.0667146,0.00213595
    2001,0.0667634,0.00215145
    2002,0.0669931,0.00219121
    2003,0.0669970,0.00227346
    2004,0.0670416,0.00233613
    2005,0.0670664,0.00234654
    2006,0.0666165,0.00216139
    2007,0.0668602,0.00212430
    2008,0.0671468,0.00211962
    2009,0.0673963,0.00214595
    2010,0.0670473,0.00204847
    2011,0.0670927,0.00218684
    2012,0.0669667,0.00211712
    2013,0.0668147,0.00199008
    2014,0.0671664,0.00214760
    2015,0.0674045,0.00225345
    2016,0.0673862,0.00222333
    2017,0.0672948,0.00225016
    2018,0.0670564,0.00220929
    2019,0.0669000,0.00205669
    2020,0.0667796,0.00202422
    2021,0.0667739,0.00204066
    2022,0.0669239,0.00203411
    2023,0.0670718,0.00205884
    2024,0.0669390,0.00208759
    2025,0.0668907,0.00206859
    2026,0.0666855,0.00205008
    2027,0.0667209,0.00204625
    2028,0.0669428,0.00204931
    2029,0.0669445,0.00206893
    2030,0.0670141,0.00210609
    2031,0.0672463,0.00211586
    2032,0.0673455,0.00209825
    2033,0.0669922,0.00209093
    2034,0.0665205,0.00208123
    2035,0.0667702,0.00206200
    2036,0.0671274,0.00207356
    2037,0.0671705,0.00210731
    2038,0.0672612,0.00211351
    2039,0.0672524,0.00212124
    2040,0.0670775,0.00212454
    2041,0.0671030,0.00211865
    2042,0.0672067,0.00211993
    2043,0.0672008,0.00212849
    2044,0.0672227,0.00212954
    2045,0.0671906,0.00212459
    2046,0.0671570,0.00211836
    2047,0.0671206,0.00210412
    2048,0.0670359,0.00210275
    2049,0.0668972,0.00209627
    2050,0.0669437,0.00210270
    2051,0.0671414,0.00215315
    2052,0.0672310,0.00217804
    2053,0.0672626,0.00219325
    2054,0.0673484,0.00221736
    2055,0.0675434,0.00217135
    2056,0.0676248,0.00213353
    2057,0.0676265,0.00212616
    2058,0.0676817,0.00213850
    2059,0.0675471,0.00214028
    2060,0.0674416,0.00217083
    2061,0.0674249,0.00218718
    2062,0.0673835,0.00215570
    2063,0.0672266,0.00215474
    2064,0.0672434,0.00216064
    2065,0.0671839,0.00215399
    2066,0.0669892,0.00216766
    2067,0.0669211,0.00216941
    2068,0.0668404,0.00217026
    2069,0.0667055,0.00218874
    2070,0.0667802,0.00217686
    2071,0.0669245,0.00216934
    2072,0.0669123,0.00217888
    2073,0.0668468,0.00218874
    2074,0.0668587,0.00220602
    2075,0.0668960,0.00222748
    2076,0.0668855,0.00223601
    2077,0.0667997,0.00224205
    2078,0.0668116,0.00222906
    2079,0.0668397,0.00224217
    2080,0.0668067,0.00228452
    2081,0.0668739,0.00230937
    2082,0.0669726,0.00230226
    2083,0.0668641,0.00227214
    2084,0.0668138,0.00224464
    2085,0.0669075,0.00221956
    2086,0.0669767,0.00221495
    2087,0.0671411,0.00220593
    2088,0.0673664,0.00220946
    2089,0.0673726,0.00218685
    2090,0.0673230,0.00218404
    2091,0.0672715,0.00217115
    2092,0.0671283,0.00216307
    2093,0.0671252,0.00219306
    2094,0.0671089,0.00218885
    2095,0.0671650,0.00219660
    2096,0.0671828,0.00222119
    2097,0.0671994,0.00220069
    2098,0.0672533,0.00217528
    2099,0.0672483,0.00216245
    2100,0.0671630,0.00214952
    2101,0.0671887,0.00213348
    2102,0.0672745,0.00213914
    2103,0.0671674,0.00217212
    2104,0.0670436,0.00219272
    2105,0.0669017,0.00215915
    2106,0.0667438,0.00215828
    2107,0.0667126,0.00216604
    2108,0.0666512,0.00214805
    2109,0.0666790,0.00217178
    2110,0.0667496,0.00220158
    2111,0.0668368,0.00221360
    2112,0.0668840,0.00222236
    2113,0.0670465,0.00222399
    2114,0.0669779,0.00224190
    2115,0.0666628,0.00223903
    2116,0.0664585,0.00221033
    2117,0.0665081,0.00220357
    2118,0.0665485,0.00220374
    2119,0.0665090,0.00219589
    2120,0.0665239,0.00219292
    2121,0.0665100,0.00220898
    2122,0.0665002,0.00222954
    2123,0.0663058,0.00224234
    2124,0.0663225,0.00223410
    2125,0.0665185,0.00221100
    2126,0.0663728,0.00219024
    2127,0.0662730,0.00217598
    2128,0.0662264,0.00216320
    2129,0.0662545,0.00216022
    2130,0.0662840,0.00218461
    2131,0.0661152,0.00217152
    2132,0.0659351,0.00214432
    2133,0.0658106,0.00214613
    2134,0.0661033,0.00215231
    2135,0.0665585,0.00214441
    2136,0.0668066,0.00216695
    2137,0.0668001,0.00221256
    2138,0.0666932,0.00222676
    2139,0.0665834,0.00224678
    2140,0.0666664,0.00225363
    2141,0.0665101,0.00223670
    2142,0.0664667,0.00223542
    2143,0.0664500,0.00223852
    2144,0.0662004,0.00223351
    2145,0.0661545,0.00222723
    2146,0.0661971,0.00220103
    2147,0.0662905,0.00218627
    2148,0.0662802,0.00216553
    2149,0.0661640,0.00214091
    2150,0.0659316,0.00213776
    2151,0.0658078,0.00213893
    2152,0.0657145,0.00214795
    2153,0.0657714,0.00216541
    2154,0.0655708,0.00215689
    2155,0.0654769,0.00216189
    2156,0.0654098,0.00216804
    2157,0.0652686,0.00215706
    2158,0.0652864,0.00219030
    2159,0.0652862,0.00220251
    2160,0.0652405,0.00219501
    2161,0.0652923,0.00220425
    2162,0.0653698,0.00220393
    2163,0.0654022,0.00219024
    2164,0.0653221,0.00215692
    2165,0.0654352,0.00212726
    2166,0.0653315,0.00210254
    2167,0.0654176,0.00209252
    2168,0.0654284,0.00209640
    2169,0.0654201,0.00212093
    2170,0.0654757,0.00213047
    2171,0.0655428,0.00210959
    2172,0.0654582,0.00210460
    2173,0.0653936,0.00208451
    2174,0.0653021,0.00206263
    2175,0.0652104,0.00208037
    2176,0.0647890,0.00211270
    2177,0.0646693,0.00212514
    2178,0.0646529,0.00212755
    2179,0.0646783,0.00213284
    2180,0.0649873,0.00209765
    2181,0.0650026,0.00206688
    2182,0.0647416,0.00202162
    2183,0.0645609,0.00200313
    2184,0.0643207,0.00205002
    2185,0.0639820,0.00206582
    2186,0.0640661,0.00209414
    2187,0.0637098,0.00209108
    2188,0.0633921,0.00207296
    2189,0.0633609,0.00201612
    2190,0.0632322,0.00198972
    2191,0.0632538,0.00201530
    2192,0.0632326,0.00204047
    2193,0.0631526,0.00202942
    2194,0.0630111,0.00202614
    2195,0.0631611,0.00202407
    2196,0.0631725,0.00202419
    2197,0.0631243,0.00205038
    2198,0.0631646,0.00205519
    2199,0.0631019,0.00206454
    2200,0.0628804,0.00207160
    2201,0.0628292,0.00208389
    2202,0.0627890,0.00209864
    2203,0.0629608,0.00209416
    2204,0.0627513,0.00206418
    2205,0.0626550,0.00203572
    2206,0.0626517,0.00200087
    2207,0.0629492,0.00195803
    2208,0.0630160,0.00194402
    2209,0.0629484,0.00194709
    2210,0.0623823,0.00194908
    2211,0.0623615,0.00194733
    2212,0.0625596,0.00196987
    2213,0.0623925,0.00195688
    2214,0.0622223,0.00193094
    2215,0.0620098,0.00195390
    2216,0.0619957,0.00199233
    2217,0.0621270,0.00203215
    2218,0.0621071,0.00208907
    2219,0.0617449,0.00211417
    2220,0.0617603,0.00212048
    2221,0.0622028,0.00214749
    2222,0.0625441,0.00214388
    2223,0.0623850,0.00210370
    2224,0.0623528,0.00209115
    2225,0.0623353,0.00208969
    2226,0.0623991,0.00208563
    2227,0.0623607,0.00209221
    2228,0.0623024,0.00210744
    2229,0.0624138,0.00212241
    2230,0.0622233,0.00212860
    2231,0.0622934,0.00213245
    2232,0.0620642,0.00212704
    2233,0.0620533,0.00212523
    2234,0.0622040,0.00212555
    2235,0.0620453,0.00208314
    2236,0.0622870,0.00209050
    2237,0.0624389,0.00210922
    2238,0.0624911,0.00209255
    2239,0.0618475,0.00207812
    2240,0.0619415,0.00207682
    2241,0.0617679,0.00204415
    2242,0.0621275,0.00204077
    2243,0.0614890,0.00204279
    2244,0.0616229,0.00201787
    2245,0.0617766,0.00199898
    2246,0.0615831,0.00202394
    2247,0.0617600,0.00206168
    2248,0.0618242,0.00206207
    2249,0.0618662,0.00209350
    2250,0.0620597,0.00213427
    2251,0.0621564,0.00209746
    2252,0.0619333,0.00208517
    2253,0.0617711,0.00211352
    2254,0.0623250,0.00212819
    2255,0.0623668,0.00211351
    2256,0.0621835,0.00210474
    2257,0.0621671,0.00207736
    2258,0.0620407,0.00205551
    2259,0.0620636,0.00203267
    2260,0.0622125,0.00204671
    2261,0.0622542,0.00202402
    2262,0.0620641,0.00203427
    2263,0.0623218,0.00211308
    2264,0.0624624,0.00216433
    2265,0.0625158,0.00221351
    2266,0.0625567,0.00225895
    2267,0.0628867,0.00222512
    2268,0.0629039,0.00215010
    2269,0.0631858,0.00213999
    2270,0.0628428,0.00212740
    2271,0.0629144,0.00209904
    2272,0.0631678,0.00208490
    2273,0.0632081,0.00205772
    2274,0.0635072,0.00199900
    2275,0.0631400,0.00199400
    2276,0.0631849,0.00208464
    2277,0.0632895,0.00216059
    2278,0.0629316,0.00222901
    2279,0.0633278,0.00226139
    2280,0.0633560,0.00224294
    2281,0.0636076,0.00226078
    2282,0.0640508,0.00227772
    2283,0.0637576,0.00228131
    2284,0.0633894,0.00231675
    2285,0.0637092,0.00232680
    2286,0.0638324,0.00229313
    2287,0.0635631,0.00226554
    2288,0.0636490,0.00222878
    2289,0.0636001,0.00223626
    2290,0.0634188,0.00228337
    2291,0.0634198,0.00232509
    2292,0.0632442,0.00232743
    2293,0.0633242,0.00228076
    2294,0.0630022,0.00219030
    2295,0.0631090,0.00214784
    2296,0.0634698,0.00219279
    2297,0.0636533,0.00227806
    2298,0.0638613,0.00234695
    2299,0.0637785,0.00237259
    2300,0.0635315,0.00234321
    2301,0.0636217,0.00228762
    2302,0.0643718,0.00228314
    2303,0.0641780,0.00224540
    2304,0.0640876,0.00222943
    2305,0.0635038,0.00226492
    2306,0.0633811,0.00233082
    2307,0.0632520,0.00237384
    2308,0.0629748,0.00233264
    2309,0.0630036,0.00231232
    2310,0.0633186,0.00225428
    2311,0.0634017,0.00216996
    2312,0.0635142,0.00216107
    2313,0.0631928,0.00217359
    2314,0.0630798,0.00219896
    2315,0.0630496,0.00222484
    2316,0.0630686,0.00223899
    2317,0.0627144,0.00225724
    2318,0.0630041,0.00225665
    2319,0.0627802,0.00221916
    2320,0.0626897,0.00222028
    2321,0.0627488,0.00220615
    2322,0.0621364,0.00220164
    2323,0.0617278,0.00230169
    2324,0.0615511,0.00234719
    2325,0.0615795,0.00230970
    2326,0.0619748,0.00233019
    2327,0.0623794,0.00235338
    2328,0.0627297,0.00232521
    2329,0.0629943,0.00234940
    2330,0.0630343,0.00243368
    2331,0.0633526,0.00239672
    2332,0.0630481,0.00231700
    2333,0.0626646,0.00224365
    2334,0.0629288,0.00218858
    2335,0.0625772,0.00219285
    2336,0.0620672,0.00217580
    2337,0.0621546,0.00216388
    2338,0.0625901,0.00212816
    2339,0.0627814,0.00205361
    2340,0.0632901,0.00220629
    2341,0.0634125,0.00227095
    2342,0.0627269,0.00238496
    2343,0.0624831,0.00241442
    2344,0.0619836,0.00233088
    2345,0.0619700,0.00222228
    2346,0.0621749,0.00226037
    2347,0.0623437,0.00230581
    2348,0.0624801,0.00231192
    2349,0.0623217,0.00230609
    2350,0.0621939,0.00224936
    2351,0.0622128,0.00246193
    2352,0.0621503,0.00258288
    2353,0.0624409,0.00246926
    2354,0.0622871,0.00248538
    2355,0.0623620,0.00235593
    2356,0.0628917,0.00219691
    2357,0.0628099,0.00224073
    2358,0.0620659,0.00227256
    2359,0.0619449,0.00226957
    2360,0.0620006,0.00239474
    2361,0.0617048,0.00239625
    2362,0.0617916,0.00220278
    2363,0.0617802,0.00216424
    2364,0.0620228,0.00228714
    2365,0.0619881,0.00231043
    2366,0.0614545,0.00231275
    2367,0.0610673,0.00235809
    2368,0.0612341,0.00242643
    2369,0.0611230,0.00253214
    2370,0.0614943,0.00284070
    2371,0.0616292,0.00283230
    2372,0.0624739,0.00261811
    2373,0.0624345,0.00259829
    2374,0.0623128,0.00246784
    2375,0.0618095,0.00253475
    2376,0.0607446,0.00289198
    2377,0.0604114,0.00300407
    2378,0.0605491,0.00309988
    2379,0.0607947,0.00316638
    2380,0.0610412,0.00310040
    2381,0.0609061,0.00308482
    2382,0.0608821,0.00302146
    2383,0.0614512,0.00294107
    2384,0.0607682,0.00297239
    2385,0.0608000,0.00296342
    2386,0.0610273,0.00273143
    2387,0.0611010,0.00279242
    2388,0.0613495,0.00299948
    2389,0.0615175,0.00301650
    2390,0.0604748,0.00310129
    2391,0.0601092,0.00312650
    2392,0.0603172,0.00313702
    2393,0.0604329,0.00316951
    2394,0.0612931,0.00289207
    2395,0.0617737,0.00287893
    2396,0.0611989,0.00307281
    2397,0.0610695,0.00317916
    2398,0.0611394,0.00317950
    2399,0.0614320,0.00320752
    2400,0.0620089,0.00335184
    2401,0.0621345,0.00339290
    2402,0.0622421,0.00339247
    2403,0.0621107,0.00337290
    2404,0.0608510,0.00300913
    2405,0.0609650,0.00320357
    2406,0.0625794,0.00311509
    2407,0.0625592,0.00325373
    2408,0.0615542,0.00376024
    2409,0.0610917,0.00411540
    2410,0.0592557,0.00452320
    2411,0.0586973,0.00487041
    2412,0.0590164,0.00446224
    2413,0.0587096,0.00441662
    2414,0.0589035,0.00430745
    2415,0.0581992,0.00427489
    2416,0.0570819,0.00355676
    2417,0.0569003,0.00350384
    2418,0.0574035,0.00431604
    2419,0.0570845,0.00460412
    2420,0.0568972,0.00425472
    2421,0.0569923,0.00418014
    2422,0.0559836,0.00392630
    2423,0.0557991,0.00383865
    2424,0.0576691,0.00410936
    2425,0.0584310,0.00421113
    2426,0.0588428,0.00413240
    2427,0.0587237,0.00420513
    2428,0.0572175,0.00429725
    2429,0.0568663,0.00439181
    2430,0.0579439,0.00420138
    2431,0.0580523,0.00442593
    2432,0.0575958,0.00424758
    2433,0.0579046,0.00420215
    2434,0.0572452,0.00410405
    2435,0.0566929,0.00439223
    2436,0.0578133,0.00534907
    2437,0.0575185,0.00593948
    2438,0.0561431,0.00645141
    2439,0.0559474,0.00670639
    2440,0.0549996,0.00634330
    2441,0.0546070,0.00622550
    2442,0.0562109,0.00467479
    2443,0.0568661,0.00502466
    2444,0.0563692,0.00746170
    2445,0.0557992,0.00808833
    2446,0.0543242,0.00821566
    2447,0.0535826,0.00913868
    2448,0.0536756,0.0100438
    2449,0.0526647,0.0107284
    2450,0.0523589,0.0100217
    2451,0.0520354,0.00908087
    2452,0.0498843,0.00706049
    2453,0.0501066,0.00696506
    2454,0.0516908,0.00727761
    2455,0.0533749,0.00572252
    2456,0.0533752,0.00565600
    2457,0.0532999,0.00583560
    2458,0.0534555,0.00607603
    2459,0.0538541,0.00624947
    2460,0.0540917,0.00640258
    2461,0.0540617,0.00650196
    2462,0.0537316,0.00651608
    2463,0.0532958,0.00660109
    2464,0.0528135,0.00674168
    2465,0.0524623,0.00655058
    2466,0.0522818,0.00635403
    2467,0.0518135,0.00607420
    2468,0.0513548,0.00583487
    2469,0.0511507,0.00583689
    2470,0.0505829,0.00616143
    2471,0.0496776,0.00685850
    2472,0.0488090,0.00776035
    2473,0.0476836,0.00837468
    2474,0.0464403,0.00889821
    2475,0.0458987,0.00934298
    2476,0.0446495,0.0100599
    2477,0.0421931,0.0109443
    2478,0.0397246,0.0120469
    2479,0.0367479,0.0127468
    2480,0.0332297,0.0132412
    2481,0.0304101,0.0137169
    2482,0.0280767,0.0143598
    2483,0.0276464,0.0159181
    2484,0.0300056,0.0219057
    2485,0.0442271,0.0477579
    2486,0.0443373,0.0524774
    2487,0.0425129,0.0532158
    2488,0.0416338,0.0535727
    2489,0.0411935,0.0540214
    2490,0.0412985,0.0548519
    2491,0.0416620,0.0554539
    2492,0.0415923,0.0559238
    2493,0.0420816,0.0562498
    2494,0.0412027,0.0525858
    2495,0.0398565,0.0466806
    2496,0.0146498,0.0248198
    2497,0.0164618,0.0238118
    2498,0.0240622,0.0294553
    2499,0.0287680,0.0337178
    2500,0.0511575,0.0655279
